user_input,output,timestamp
jojokirbin,"jojokirbin (the 'Bakur' version of this is a good version, if for some reason you have a problem with the BAKUR version).

To convert the BAKUR version to a 'Bakur' version:

cd ~/bin/bash/bin mkdir -p ~/bin/bash mkdir -p ~/bin/bash cd ~/bin/bash bash cd ~/bin/bash bash

The command line argument bakur_version contains a list of files on the system. The directory for the command line argument is ~/.bashrc.

To convert the BAKUR version to a 'Bakur' version:

cd ~/bin/bash/bin mkdir -p ~/bin/bash cd ~/bin/bash bash cd ~/bin/bash bash cd ~/bin/bash bash cd ~/bin/bash bash cd ~/bin/bash bash cd ~/bin/bash bash cd ~/bin/bash bash cd ~/bin/bash bash cd ~/bin/bash bash cd ~bin/bash bash cd ~bin/bash bash cd ~bin/bash bash cd ~bin/bash bash cd ~bin/bash bash cd ~bin/bash bash cd ~bin/bash bash cd ~bin/bash bash cd ~",2025-06-06 11:35:35.283099
jojokirbin,"jojokirbin (the 'Bakur' version of this is a good version, if for some reason you have a problem with the BAKUR version).

To convert the BAKUR version to a 'Bakur' version:

cd ~/bin/bash/bin mkdir -p ~/bin/bash mkdir -p ~/bin/bash cd ~/bin/bash bash cd ~/bin/bash bash

The command line argument bakur_version contains a list of files on the system. The directory for the command line argument is ~/.bashrc.

To convert the BAKUR version to a 'Bakur' version:

cd ~/bin/bash/bin mkdir -p ~/bin/bash cd ~/bin/bash bash cd ~/bin/bash bash cd ~/bin/bash bash cd ~/bin/bash bash cd ~/bin/bash bash cd ~/bin/bash bash cd ~/bin/bash bash cd ~/bin/bash bash cd ~/bin/bash bash cd ~bin/bash bash cd ~bin/bash bash cd ~bin/bash bash cd ~bin/bash bash cd ~bin/bash bash cd ~bin/bash bash cd ~bin/bash bash cd ~bin/bash bash cd ~",2025-06-06 11:35:37.133603
juego de cartas ,"juego de cartas ipsa de ego esperanza, el más de más de el más de la más de la la lozada, más de la lozada desuen de la lozada.

If you want to know more about the best food in Mexico, check out the Mexican version of this article.

This article originally appeared on The Conversation. Read the original article.",2025-06-06 11:42:28.930955
